INSERT INTO institucion(id,nombre,direccion) VALUES(1,'Institucion 1','Surinam 4353');
INSERT INTO institucion(id,nombre,direccion) VALUES(2,'Institucion 2','Agustinas 2929');

INSERT INTO emergencia(id,nombre,descripcion,id_institucion,geom) VALUES(1,'incendio1','Desc',1,'0101000020E61000001EFB592C45A651C00F27309DD6BD40C0');
INSERT INTO emergencia(id,nombre,descripcion,id_institucion,geom) VALUES(2,'explosion1','Explosion atentado',1,'0101000020E6100000766B990CC7AD51C0B7EF517FBDC040C0');
INSERT INTO emergencia(id,nombre,descripcion,id_institucion,geom) VALUES(3,'terremoto-derrumbe','Desc2',2,'0101000020E610000089EB18575CD951C0CC29013109D141C0');
INSERT INTO emergencia(id,nombre,descripcion,id_institucion,geom) VALUES(4,'terremoto-derrumbe','derrumbe edificio',2,'0101000020E6100000FDDD3B6A4C3152C02F698CD6515542C0');

INSERT INTO voluntario(id,nombre,correo,contrasenia,geom) VALUES(1,'Alvaro Alvarez','alvaro.alvarez@gmail.cl','1234567','0101000020E610000084B9DDCB7DBE51C0FA9AE5B2D19540C0');
INSERT INTO voluntario(id,nombre,correo,contrasenia,geom) VALUES(2,'Bartolo Rodriguez','mbrodriguezz@gmail.cl','password321','0101000020E6100000BB287AE063AF51C05D19541B9CD440C0');
INSERT INTO voluntario(id,nombre,correo,contrasenia,geom) VALUES(3,'Catalina Hernandez','cata.h.j@gmail.cl','password','0101000020E61000006F10AD156DB651C0E9B7AF03E7D440C0');
INSERT INTO voluntario(id,nombre,correo,contrasenia,geom) VALUES(4,'Carlos Valdivia','c.valdivia@yopmail.com','pass123','0101000020E610000002F2255470A051C047E7FC14C7C940C0');
INSERT INTO voluntario(id,nombre,correo,contrasenia,geom) VALUES(5,'Camila Contreras','camila.c.h1@hotmail.com','contrasenia923','0101000020E6100000408A3A730FA851C0FBAD9D2809AD40C0');
INSERT INTO voluntario(id,nombre,correo,contrasenia,geom) VALUES(6,'Boris Salazar','b.salazar@hotmail.cl','passcont22','0101000020E6100000E04DB7EC10AE51C0EA77616BB6B840C0');
INSERT INTO voluntario(id,nombre,correo,contrasenia,geom) VALUES(7,'Kevin Valencia','kevin_valencia1990@gmail.com','contra23344','0101000020E6100000C3633F8BA5A951C03C9F01F566B640C0');
INSERT INTO voluntario(id,nombre,correo,contrasenia,geom) VALUES(8,'Romina Jofre','romina_jofre_78@gmail.cl','contrasenia123','0101000020E6100000E48409A359B351C0CAC16C020CB740C0');
INSERT INTO voluntario(id,nombre,correo,contrasenia,geom) VALUES(9,'Ekaterina Alvarez','ekaterina.r.2@gmail.com','thepassword232','0101000020E610000072DC291DACD851C0836BEEE87FD941C0');
INSERT INTO voluntario(id,nombre,correo,contrasenia,geom) VALUES(10,'Isabel Medina','i.medina932@gmail.com','aljfja21e3','0101000020E6100000A08CF161F6E251C0F698486936DB41C0');
INSERT INTO voluntario(id,nombre,correo,contrasenia,geom) VALUES(11,'Roberto Droguet','roberto_droguet@usach.cl','dfd432dfd1','0101000020E6100000680932022AD251C0F0DB10E335DD41C0');
INSERT INTO voluntario(id,nombre,correo,contrasenia,geom) VALUES(12,'Carlos Ulloa','carlos.ulloa@gmail.com','ulloa12345','0101000020E61000009F03CB1132BC51C071581AF851D741C0');
INSERT INTO voluntario(id,nombre,correo,contrasenia,geom) VALUES(13,'Milovan Mirosevic','elmasgrande@gmail.com','password123','0101000020E6100000C9586DFE5F0652C0A5F3E15982D241C0');
INSERT INTO voluntario(id,nombre,correo,contrasenia,geom) VALUES(14,'Renato Cofre','r.cofre@gmail.com','123password','0101000020E610000071E5EC9DD1BF51C0D3BEB9BF7AEA41C0');
INSERT INTO voluntario(id,nombre,correo,contrasenia,geom) VALUES(15,'Rodolfo Riquelme','rr.riquelme12@outlook.com','contrasenia4321','0101000020E61000006BF3FFAA231252C032E5435035C041C0');
INSERT INTO voluntario(id,nombre,correo,contrasenia,geom) VALUES(16,'Osvaldo Leon','osvaldo.l@outlook.cl','password321','0101000020E610000028D714C8EC0152C06CEC12D55B5B42C0');
INSERT INTO voluntario(id,nombre,correo,contrasenia,geom) VALUES(17,'Matias Vidal','mati.vidal@gmail.com','mati12345','0101000020E61000001684F23E8EE451C0D9278062646D42C0');
INSERT INTO voluntario(id,nombre,correo,contrasenia,geom) VALUES(18,'Alexander Santander','alexander.santander@outlook.com','ale123password','0101000020E61000001A4E999B6F1B52C0EA95B20C713042C0');
INSERT INTO voluntario(id,nombre,correo,contrasenia,geom) VALUES(19,'Nelson Arriagada','arriagada.nelson@outlook.cl','contrasenia21','0101000020E61000003222516859FD51C01E537765176442C0');
INSERT INTO voluntario(id,nombre,correo,contrasenia,geom) VALUES(20,'Edmundo Jimenez','edmundo.jimenez@gmail.com','Password123','0101000020E610000099BC0166BE1452C0529CA38E8E6142C0');
INSERT INTO voluntario(id,nombre,correo,contrasenia,geom) VALUES(21,'Fernanda Soto','fernanda.soto@gmail.com','contrasenia123','0101000020E6100000709692E5240652C0F7EAE3A1EF6442C0');


INSERT INTO habilidad(id,nombre,descripcion) VALUES(1,'Tener vehiculo','El voluntario debe contar con un vehiculo');
INSERT INTO habilidad(id,nombre,descripcion) VALUES(2,'Tener vehiculo grande','El voluntario debe contar con camioneta o camion');
INSERT INTO habilidad(id,nombre,descripcion) VALUES(3,'Primeros auxilios','El voluntario debe tener conocimientos en primeros auxilios');
INSERT INTO habilidad(id,nombre,descripcion) VALUES(4,'Fuerza fisica','El voluntario debe tener gran fuerza fisica');
INSERT INTO habilidad(id,nombre,descripcion) VALUES(5,'Herramientas','El voluntario debe contar con herramientas de excavacion');
INSERT INTO habilidad(id,nombre,descripcion) VALUES(6,'Donaciones','El voluntario puede hacer donaciones de alimentos o vestuarios');
INSERT INTO habilidad(id,nombre,descripcion) VALUES(7,'Jaula para mascotas','El voluntario debe poseer jaula para mascotas');
INSERT INTO habilidad(id,nombre,descripcion) VALUES(8,'Rescate','El voluntario debe tener conocimientos en rescates');

INSERT INTO eme_habilidad(id,id_emergencia,id_habilidad) VALUES(1,1,1);
INSERT INTO eme_habilidad(id,id_emergencia,id_habilidad) VALUES(2,1,2);
INSERT INTO eme_habilidad(id,id_emergencia,id_habilidad) VALUES(3,2,1);
INSERT INTO eme_habilidad(id,id_emergencia,id_habilidad) VALUES(4,2,2);
INSERT INTO eme_habilidad(id,id_emergencia,id_habilidad) VALUES(5,2,3);
INSERT INTO eme_habilidad(id,id_emergencia,id_habilidad) VALUES(6,2,4);
INSERT INTO eme_habilidad(id,id_emergencia,id_habilidad) VALUES(7,2,5);
INSERT INTO eme_habilidad(id,id_emergencia,id_habilidad) VALUES(8,2,6);
INSERT INTO eme_habilidad(id,id_emergencia,id_habilidad) VALUES(9,3,7);
INSERT INTO eme_habilidad(id,id_emergencia,id_habilidad) VALUES(10,3,8);
INSERT INTO eme_habilidad(id,id_emergencia,id_habilidad) VALUES(11,4,8);
INSERT INTO eme_habilidad(id,id_emergencia,id_habilidad) VALUES(12,4,1);

INSERT INTO estado_tarea(id,estado) VALUES(1,'Pendiente');
INSERT INTO estado_tarea(id,estado) VALUES(2,'Pendiente');
INSERT INTO estado_tarea(id,estado) VALUES(3,'Pendiente');
INSERT INTO estado_tarea(id,estado) VALUES(4,'Pendiente');
INSERT INTO estado_tarea(id,estado) VALUES(5,'Pendiente');
INSERT INTO estado_tarea(id,estado) VALUES(6,'Pendiente');
INSERT INTO estado_tarea(id,estado) VALUES(7,'Pendiente');
INSERT INTO estado_tarea(id,estado) VALUES(8,'Pendiente');

INSERT INTO tarea(id,nombre,descripcion,id_emergencia,id_estado_tarea) VALUES(1,'tarea1','desc1',1,1);
INSERT INTO tarea(id,nombre,descripcion,id_emergencia,id_estado_tarea) VALUES(2,'tarea2','desc2',1,2);
INSERT INTO tarea(id,nombre,descripcion,id_emergencia,id_estado_tarea) VALUES(3,'tarea3','desc3',2,3);
INSERT INTO tarea(id,nombre,descripcion,id_emergencia,id_estado_tarea) VALUES(4,'tarea4','desc4',2,4);
INSERT INTO tarea(id,nombre,descripcion,id_emergencia,id_estado_tarea) VALUES(5,'tarea5','desc5',2,5);
INSERT INTO tarea(id,nombre,descripcion,id_emergencia,id_estado_tarea) VALUES(6,'tarea6','desc6',2,6);
INSERT INTO tarea(id,nombre,descripcion,id_emergencia,id_estado_tarea) VALUES(7,'tarea7','desc6',3,7);
INSERT INTO tarea(id,nombre,descripcion,id_emergencia,id_estado_tarea) VALUES(8,'tarea8','desc6',4,8);

INSERT INTO tarea_habilidad(id,id_tarea,id_eme_habilidad) VALUES(1,1,1);
INSERT INTO tarea_habilidad(id,id_tarea,id_eme_habilidad) VALUES(2,2,1);
INSERT INTO tarea_habilidad(id,id_tarea,id_eme_habilidad) VALUES(3,2,2);
INSERT INTO tarea_habilidad(id,id_tarea,id_eme_habilidad) VALUES(4,3,3);
INSERT INTO tarea_habilidad(id,id_tarea,id_eme_habilidad) VALUES(5,3,4);
INSERT INTO tarea_habilidad(id,id_tarea,id_eme_habilidad) VALUES(6,3,5);
INSERT INTO tarea_habilidad(id,id_tarea,id_eme_habilidad) VALUES(7,3,6);
INSERT INTO tarea_habilidad(id,id_tarea,id_eme_habilidad) VALUES(8,3,7);
INSERT INTO tarea_habilidad(id,id_tarea,id_eme_habilidad) VALUES(9,3,8);
INSERT INTO tarea_habilidad(id,id_tarea,id_eme_habilidad) VALUES(10,4,3);
INSERT INTO tarea_habilidad(id,id_tarea,id_eme_habilidad) VALUES(11,4,4);
INSERT INTO tarea_habilidad(id,id_tarea,id_eme_habilidad) VALUES(12,4,5);
INSERT INTO tarea_habilidad(id,id_tarea,id_eme_habilidad) VALUES(13,4,6);
INSERT INTO tarea_habilidad(id,id_tarea,id_eme_habilidad) VALUES(14,5,7);
INSERT INTO tarea_habilidad(id,id_tarea,id_eme_habilidad) VALUES(15,5,8);
INSERT INTO tarea_habilidad(id,id_tarea,id_eme_habilidad) VALUES(16,6,3);
INSERT INTO tarea_habilidad(id,id_tarea,id_eme_habilidad) VALUES(17,6,8);
INSERT INTO tarea_habilidad(id,id_tarea,id_eme_habilidad) VALUES(18,7,9);
INSERT INTO tarea_habilidad(id,id_tarea,id_eme_habilidad) VALUES(19,7,10);
INSERT INTO tarea_habilidad(id,id_tarea,id_eme_habilidad) VALUES(20,8,11);
INSERT INTO tarea_habilidad(id,id_tarea,id_eme_habilidad) VALUES(21,8,12);

INSERT INTO vol_habilidad(id,id_voluntario,id_habilidad) VALUES(1,1,1);
INSERT INTO vol_habilidad(id,id_voluntario,id_habilidad) VALUES(2,1,2);
INSERT INTO vol_habilidad(id,id_voluntario,id_habilidad) VALUES(3,1,3);
INSERT INTO vol_habilidad(id,id_voluntario,id_habilidad) VALUES(4,1,4);
INSERT INTO vol_habilidad(id,id_voluntario,id_habilidad) VALUES(5,2,4);
INSERT INTO vol_habilidad(id,id_voluntario,id_habilidad) VALUES(6,3,5);
INSERT INTO vol_habilidad(id,id_voluntario,id_habilidad) VALUES(7,4,1);
INSERT INTO vol_habilidad(id,id_voluntario,id_habilidad) VALUES(8,4,5);
INSERT INTO vol_habilidad(id,id_voluntario,id_habilidad) VALUES(9,5,6);
INSERT INTO vol_habilidad(id,id_voluntario,id_habilidad) VALUES(10,6,1);
INSERT INTO vol_habilidad(id,id_voluntario,id_habilidad) VALUES(11,6,7);
INSERT INTO vol_habilidad(id,id_voluntario,id_habilidad) VALUES(12,7,3);
INSERT INTO vol_habilidad(id,id_voluntario,id_habilidad) VALUES(13,7,7);
INSERT INTO vol_habilidad(id,id_voluntario,id_habilidad) VALUES(14,7,8);
INSERT INTO vol_habilidad(id,id_voluntario,id_habilidad) VALUES(15,8,8);
INSERT INTO vol_habilidad(id,id_voluntario,id_habilidad) VALUES(16,9,1);
INSERT INTO vol_habilidad(id,id_voluntario,id_habilidad) VALUES(17,9,3);
INSERT INTO vol_habilidad(id,id_voluntario,id_habilidad) VALUES(18,9,4);
INSERT INTO vol_habilidad(id,id_voluntario,id_habilidad) VALUES(19,9,6);
INSERT INTO vol_habilidad(id,id_voluntario,id_habilidad) VALUES(20,10,2);
INSERT INTO vol_habilidad(id,id_voluntario,id_habilidad) VALUES(21,11,8);
INSERT INTO vol_habilidad(id,id_voluntario,id_habilidad) VALUES(22,12,2);
INSERT INTO vol_habilidad(id,id_voluntario,id_habilidad) VALUES(23,12,3);
INSERT INTO vol_habilidad(id,id_voluntario,id_habilidad) VALUES(24,12,4);
INSERT INTO vol_habilidad(id,id_voluntario,id_habilidad) VALUES(25,12,5);
INSERT INTO vol_habilidad(id,id_voluntario,id_habilidad) VALUES(26,13,4);
INSERT INTO vol_habilidad(id,id_voluntario,id_habilidad) VALUES(27,13,5);
INSERT INTO vol_habilidad(id,id_voluntario,id_habilidad) VALUES(28,14,7);
INSERT INTO vol_habilidad(id,id_voluntario,id_habilidad) VALUES(29,14,8);
INSERT INTO vol_habilidad(id,id_voluntario,id_habilidad) VALUES(30,15,2);
INSERT INTO vol_habilidad(id,id_voluntario,id_habilidad) VALUES(31,15,3);
INSERT INTO vol_habilidad(id,id_voluntario,id_habilidad) VALUES(32,16,5);
INSERT INTO vol_habilidad(id,id_voluntario,id_habilidad) VALUES(33,17,3);
INSERT INTO vol_habilidad(id,id_voluntario,id_habilidad) VALUES(34,17,4);
INSERT INTO vol_habilidad(id,id_voluntario,id_habilidad) VALUES(35,17,5);
INSERT INTO vol_habilidad(id,id_voluntario,id_habilidad) VALUES(36,18,4);
INSERT INTO vol_habilidad(id,id_voluntario,id_habilidad) VALUES(37,19,6);
INSERT INTO vol_habilidad(id,id_voluntario,id_habilidad) VALUES(38,20,6);
INSERT INTO vol_habilidad(id,id_voluntario,id_habilidad) VALUES(39,20,8);
INSERT INTO vol_habilidad(id,id_voluntario,id_habilidad) VALUES(40,21,3);